{"cameraMode":{"drawMode":0,"name":"Shaded","section":"Shading Mode"},"sceneLighting":true,"audioPlay":false,"sceneViewState":{"showFog":true,"showMaterialUpdate":false,"showSkybox":true,"showFlares":true,"showImageEffects":true,"showParticleSystems":true},"in2DMode":false,"pivot":{"x":-8.075788497924805,"y":-5.271055221557617,"z":18.7690372467041},"rotation":{"x":0.15371353924274445,"y":-0.23671960830688477,"z":0.037958722561597827,"w":0.9585908651351929},"size":28.2951717376709,"orthographic":false}